{"cameraMode":{"drawMode":0,"name":"Shaded","section":"Shading Mode"},"sceneLighting":false,"audioPlay":false,"sceneViewState":{"showFog":true,"showMaterialUpdate":false,"showSkybox":false,"showFlares":true,"showImageEffects":true,"showParticleSystems":true},"in2DMode":false,"pivot":{"x":3.2934441566467287,"y":2.5599069595336916,"z":0.052082061767578128},"rotation":{"x":-0.0037421067245304586,"y":0.9833086133003235,"z":-0.1807713806629181,"w":-0.020356131717562677},"size":25.08856964111328,"orthographic":false}