{"cameraMode":{"drawMode":0,"name":"Shaded","section":"Shading Mode"},"sceneLighting":true,"audioPlay":false,"sceneViewState":{"showFog":true,"showMaterialUpdate":false,"showSkybox":true,"showFlares":true,"showImageEffects":true,"showParticleSystems":true},"in2DMode":false,"pivot":{"x":1.6753056049346924,"y":8.137894630432129,"z":16.293506622314454},"rotation":{"x":-0.013812212273478508,"y":0.9840697646141052,"z":-0.15357252955436707,"w":-0.08850736171007157},"size":12.54428482055664,"orthographic":false}